{"android_play_store_link":"https://play.google.com/store/apps/details?id\u003dcom.inglesdivino.photostostickers","ios_app_store_link":"","sticker_packs":[{"avoid_cache":false,"identifier":"1","image_data_version":"9","license_agreement_website":"","name":"cyber asaltos","privacy_policy_website":"","publisher":"Yivi Alexandra Nope Tavera","publisher_email":"","publisher_website":"","stickers":[{"emojis":["😱"],"image_file":"0.webp"},{"emojis":["🙂"],"image_file":"1.webp"},{"emojis":["🙂"],"image_file":"2.webp"},{"emojis":["🙂"],"image_file":"3.webp"},{"emojis":["🙂"],"image_file":"4.webp"},{"emojis":["🙂"],"image_file":"5.webp"}],"tray_image_file":"1024.png"}]}